{
  "rf_weight": 0.34634974533106966,
  "xgb_weight": 0.35154014067426637,
  "dnn_weight": 0.30211011399466414
}